{
    "jars": 
        [
            {
                "jar": {
                    "id": 0,
                    "title": "Vacations",
                    "entries": [
                        {
                            "message": "The family and I went camping.",
                            "user": "Bob"
                        },
                        {
                            "message": "I went to the beach.",
                            "user": "Sam"
                        }
                    ]
                }
            },
            {
                "jar": {
                    "id": 1,
                    "title": "Activities",
                    "entries": [
                        {
                            "message": "The family and I went out to dinner.",
                            "user": "Joe"
                        }
                    ]
                }
            }
        ]
    
}